run,kind,optimizer,n_iterations,total_evaluations,feasible,best_iteration,best_cost_usd_per_tCO2,best_CO2_purity,best_CO2_recovery,best_specific_energy_kWh_tCO2
baseline_lee2_bo_pilot,baseline,bo,1,27,False,,,,,
baseline_lee2_ga,baseline,ga,1,1601,False,,,,,
baseline_lee2_ga_pilot,baseline,ga,1,18,False,,,,,
baseline_lee3_blower_bo,baseline,bo,1,201,False,,,,,
baseline_lee3_blower_bo_pilot,baseline,bo,2,28,False,,,,,
baseline_lee3_blower_bo_sampling_mle,baseline,bo,1,766,False,,,,,
baseline_lee3_blower_bo_sampling_mle_pilot,baseline,bo,1,14,False,,,,,
baseline_lee3_blower_bo_sampling_uniform,baseline,bo,1,664,False,,,,,
baseline_lee3_blower_ga_deb_pop100,baseline,ga,1,2053,False,,,,,
baseline_lee3_blower_ga_deb_pop40,baseline,ga,1,2979,False,,,,,
baseline_lee3_blower_ga_deb_pop40_seed2,baseline,ga,1,3151,False,,,,,
baseline_lee3_blower_ga_deb_pop6_pilot,baseline,ga,1,6,False,,,,,
baseline_lee3_bo_pilot,baseline,bo,1,26,False,,,,,
baseline_lee3_ga_deb_pop40,baseline,ga,1,2895,True,1.0,735.6302782851578,0.957529181,0.9069123479033824,10226.151363227162
baseline_lee3_ga_deb_pop6_pilot,baseline,ga,1,17,False,,,,,
baseline_lee3_ga_pop40,baseline,ga,1,3222,False,,,,,
baseline_lee3_ga_pop6_pilot,baseline,ga,1,17,False,,,,,
baseline_lee4_blower_bo_k4096,baseline,bo,1,204,False,,,,,
baseline_lee4_blower_bo_k64_pilot,baseline,bo,1,31,False,,,,,
baseline_lee4_blower_ga_deb_pop40,baseline,ga,1,2736,False,,,,,
baseline_lee4_blower_ga_deb_pop6_pilot,baseline,ga,1,17,False,,,,,
run25,sst,bo,7,943,True,4.0,52.11968890939825,0.972177512,0.9034896584357528,542.2661142986384
run26,sst,bo,9,1530,True,6.0,61.292526208770795,0.954332606,0.9082867828043218,465.6281598672608
run27,sst,bo,2,22,False,,,,,
run28,sst,bo,3,553,False,,,,,
run29,sst,bo,1,232,False,,,,,
run30,sst,bo,8,1244,True,5.0,67.14961928865657,0.951440668,0.9014972408765975,529.7188179358494
