run,iteration,gen,phase,t,best_fitness
run25,1,1,bootstrap,70.2,161.82397385716823
run25,1,2,bootstrap,88.8,150.85875923161677
run25,1,3,bootstrap,106.5,106.93424204840345
run25,1,4,bootstrap,123.1,106.93424204840345
run25,1,5,bootstrap,320.2,106.93424204840345
run25,1,6,bootstrap,336.6,106.93424204840345
run25,1,7,bootstrap,352.8,106.93424204840345
run25,1,8,bootstrap,369.3,106.93424204840345
run25,1,9,bootstrap,386.7,106.93424204840345
run25,1,10,bootstrap,403.3,106.93424204840345
run25,1,11,bootstrap,419.7,106.93424204840345
run25,1,12,bootstrap,616.5,106.93424204840345
run25,1,13,bootstrap,636.2,106.93424204840345
run25,1,14,bootstrap,652.2,106.93424204840345
run25,1,15,bootstrap,668.0,106.93424204840345
run25,1,16,bootstrap,684.4,106.93424204840345
run25,1,17,bootstrap,700.8,106.93424204840345
run25,1,18,bootstrap,717.0,106.93424204840345
run25,1,19,bootstrap,732.8,106.93424204840345
run25,1,20,bootstrap,748.7,106.93424204840345
run25,1,21,bootstrap,765.5,106.93424204840345
run25,1,22,bootstrap,782.4,106.93424204840345
run25,1,23,bootstrap,799.5,106.93424204840345
run25,1,24,bootstrap,816.4,106.93424204840345
run25,1,25,bootstrap,847.9,106.93424204840345
run25,1,26,bootstrap,865.2,106.93424204840345
run25,1,27,bootstrap,882.2,106.93424204840345
run25,1,28,bootstrap,899.1,106.93424204840345
run25,1,29,bootstrap,915.5,106.93424204840345
run25,2,1,bootstrap,344.5,236.97708314715032
run25,2,2,bootstrap,417.3,90.95146918771246
run25,2,3,bootstrap,483.9,90.95146918771246
run25,2,4,bootstrap,566.6,90.95146918771246
run25,2,5,bootstrap,674.6,81.9959101379252
run25,2,6,bootstrap,769.3,81.9959101379252
run25,2,7,bootstrap,881.8,81.9959101379252
run25,2,8,bootstrap,1001.2,80.80628886227579
run25,2,9,bootstrap,1106.4,80.80628886227579
run25,2,10,bootstrap,1210.4,80.80628886227579
run25,2,11,bootstrap,1301.7,80.80628886227579
run25,2,12,bootstrap,1415.6,80.80628886227579
run25,2,13,bootstrap,1552.4,80.80628886227579
run25,2,14,cei,1854.7,80.80628886227579
run25,2,15,cei,2132.0,80.80628886227579
run25,2,16,cei,2454.1,80.80628886227579
run25,2,17,cei,2872.8,80.80628886227579
run25,2,18,cei,3267.8,69.07276393165776
run25,2,19,cei,3685.6,69.07276393165776
run25,2,20,cei,3967.2,69.07276393165776
run25,2,21,cei,4314.1,69.07276393165776
run25,2,22,cei,4731.1,69.07276393165776
run25,2,23,cei,5115.9,69.07276393165776
run25,2,24,cei,5471.5,69.07276393165776
run25,2,25,cei,5763.2,69.07276393165776
run25,2,26,cei,6116.6,69.07276393165776
run25,2,27,cei,6405.3,69.07276393165776
run25,3,1,bootstrap,158.8,376.2160021031997
run25,3,2,bootstrap,240.2,257.7646663266367
run25,3,3,bootstrap,315.0,147.65746433282624
run25,3,4,bootstrap,395.9,118.45874266615012
run25,3,5,bootstrap,442.6,73.25987392553111
run25,3,6,bootstrap,514.1,73.25987392553111
run25,3,7,bootstrap,561.9,72.16397245366335
run25,3,8,bootstrap,620.9,72.16397245366335
run25,3,9,bootstrap,698.1,72.16397245366335
run25,3,10,bootstrap,750.0,72.16397245366335
run25,3,11,bootstrap,811.5,72.16397245366335
run25,3,12,bootstrap,1074.9,72.16397245366335
run25,3,13,bootstrap,1158.9,72.16397245366335
run25,3,14,bootstrap,1238.2,72.16397245366335
run25,3,15,bootstrap,1321.7,72.16397245366335
run25,3,16,bootstrap,1403.1,72.16397245366335
run25,3,17,bootstrap,1476.6,72.16397245366335
run25,3,18,bootstrap,1556.4,72.16397245366335
run25,3,19,bootstrap,1633.7,72.16397245366335
run25,3,20,bootstrap,1886.3,72.16397245366335
run25,4,1,bootstrap,382.9,179.4469952877274
run25,4,2,bootstrap,452.7,91.18302844267544
run25,4,3,bootstrap,541.5,66.87894641100057
run25,4,4,bootstrap,628.0,52.11968890939825
run25,4,5,cei,922.1,52.11968890939825
run25,4,6,cei,1191.4,52.11968890939825
run25,4,7,cei,1541.4,52.11968890939825
run25,4,8,cei,1972.2,52.11968890939825
run25,4,9,cei,2389.5,52.11968890939825
run25,4,10,cei,2752.3,52.11968890939825
run25,4,11,cei,3066.5,52.11968890939825
run25,4,12,cei,3462.6,52.11968890939825
run25,4,13,cei,3792.3,52.11968890939825
run25,4,14,cei,4134.6,52.11968890939825
run25,4,15,cei,4504.8,52.11968890939825
run25,4,16,cei,4959.1,52.11968890939825
run25,4,17,cei,5372.8,52.11968890939825
run25,4,18,cei,5910.5,52.11968890939825
run25,4,19,cei,6242.3,52.11968890939825
run25,4,20,cei,6577.8,52.11968890939825
run25,5,1,bootstrap,499.0,163.65593442187986
run25,5,2,bootstrap,576.5,163.65593442187986
run25,5,3,bootstrap,849.7,152.04263819615397
run25,5,4,bootstrap,965.2,139.15296646528998
run25,5,5,bootstrap,1061.8,139.15296646528998
run25,5,6,bootstrap,1159.2,124.41636656357082
run25,5,7,bootstrap,1269.7,85.28811237778483
run25,5,8,bootstrap,1370.2,85.28811237778483
run25,5,9,bootstrap,1468.3,85.28811237778483
run25,5,10,bootstrap,1572.5,85.28811237778483
run25,5,11,bootstrap,1787.6,81.65776480548269
run25,5,12,bootstrap,1896.6,81.65776480548269
run25,5,13,bootstrap,2009.8,81.65776480548269
run25,5,14,bootstrap,2196.3,81.65776480548269
run25,5,15,bootstrap,2345.1,77.22140103787011
run25,5,16,bootstrap,2430.5,77.22140103787011
run25,5,17,bootstrap,2741.5,77.22140103787011
run25,5,18,bootstrap,3046.4,77.22140103787011
run25,5,19,bootstrap,3164.9,76.41601288265446
run25,5,20,bootstrap,3306.9,76.41601288265446
run25,5,21,bootstrap,3437.6,76.41601288265446
run25,5,22,bootstrap,3573.4,76.41601288265446
run25,5,23,bootstrap,3726.1,76.41601288265446
run25,5,24,bootstrap,3868.4,76.41601288265446
run25,5,25,bootstrap,4015.8,76.41601288265446
run25,5,26,bootstrap,4158.3,76.41601288265446
run25,5,27,bootstrap,4242.2,72.62627896269821
run25,5,28,bootstrap,4332.0,72.62627896269821
run25,5,29,bootstrap,4606.5,72.62627896269821
run25,5,30,bootstrap,4740.3,72.62627896269821
run25,5,31,bootstrap,4863.9,72.62627896269821
run25,5,32,bootstrap,4978.9,72.62627896269821
run25,6,1,bootstrap,352.2,82.23832689206972
run25,6,2,bootstrap,422.8,73.28794614851013
run25,6,3,bootstrap,494.9,71.73266766595825
run25,6,4,bootstrap,572.7,71.73266766595825
run25,6,5,bootstrap,643.3,71.73266766595825
run25,6,6,bootstrap,728.1,71.73266766595825
run25,6,7,bootstrap,792.1,71.73266766595825
run25,6,8,cei,1085.2,51.029071604866814
run25,6,9,cei,1368.0,51.029071604866814
run25,6,10,cei,1692.3,51.029071604866814
run25,6,11,cei,1935.0,51.029071604866814
run25,6,12,cei,2226.9,51.029071604866814
run25,6,13,cei,2519.4,51.029071604866814
run25,6,14,cei,2767.1,51.029071604866814
run25,6,15,cei,3061.1,51.029071604866814
run25,6,16,cei,3294.8,51.029071604866814
run25,6,17,cei,3523.0,51.029071604866814
run25,6,18,cei,3778.4,51.029071604866814
run25,6,19,cei,4020.8,51.029071604866814
run25,6,20,cei,4242.2,51.029071604866814
run25,6,21,cei,4440.6,51.029071604866814
run25,6,22,cei,4675.6,51.029071604866814
run25,6,23,cei,4965.8,51.029071604866814
run25,6,24,cei,5291.7,51.029071604866814
run25,6,25,cei,5581.3,51.029071604866814
run25,6,26,cei,6058.8,51.029071604866814
run25,7,1,bootstrap,127.9,78.32519371143721
run25,7,2,bootstrap,178.9,78.32519371143721
run25,7,3,bootstrap,217.2,65.32540640168666
run25,7,4,bootstrap,262.1,65.32540640168666
run25,7,5,bootstrap,313.0,65.32540640168666
run25,7,6,bootstrap,355.1,65.32540640168666
run25,7,7,bootstrap,582.7,65.32540640168666
run25,7,8,bootstrap,626.4,61.3323322304388
run25,7,9,bootstrap,670.5,60.408331141884794
run25,7,10,cei,884.8,52.81793267059601
run25,7,11,cei,1105.7,52.81793267059601
run25,7,12,cei,1256.3,52.81793267059601
run25,7,13,cei,1453.9,52.81793267059601
run25,7,14,cei,1588.2,52.81793267059601
run25,7,15,cei,1770.7,52.81793267059601
run25,7,16,cei,1944.2,52.81793267059601
run25,7,17,cei,2140.8,52.81793267059601
run25,7,18,cei,2351.4,52.81793267059601
run25,7,19,cei,2551.8,52.81793267059601
run25,7,20,cei,2919.1,52.81793267059601
